{
  "Smart Home": {
    "IF": {
      "accuracy": 0.9256921367429147,
      "accuracy_std": 0.004069855604686556,
      "precision": 0.5353688369400729,
      "precision_std": 0.025740044338558775,
      "recall": 0.5405684012735529,
      "recall_std": 0.030869635078578934,
      "f1": 0.5377606935089889,
      "f1_std": 0.02640771975192831,
      "auc_roc": 0.9136448833910282,
      "auc_roc_std": 0.00842797998936973,
      "train_time": 1.61279194355011,
      "train_time_std": 0.09794196637266157,
      "infer_ms": 0.022199316543613484,
      "infer_ms_std": 0.003820158431241531,
      "cm": [
        [
          4336,
          169
        ],
        [
          169,
          223
        ]
      ]
    },
    "LSTM-AE": {
      "accuracy": 0.9045370191481472,
      "accuracy_std": 0.007287198972312328,
      "precision": 0.39430590197129217,
      "precision_std": 0.04928751733179466,
      "recall": 0.37033443812307537,
      "recall_std": 0.07374810883336637,
      "f1": 0.3810241387186546,
      "f1_std": 0.06021706993347934,
      "auc_roc": 0.8046340939635822,
      "auc_roc_std": 0.04259970316393783,
      "train_time": 5.816241216659546,
      "train_time_std": 1.3200137653591273,
      "infer_ms": 0.004904712625123165,
      "infer_ms_std": 0.0009665344085072304,
      "cm": [
        [
          4261,
          244
        ],
        [
          266,
          126
        ]
      ]
    },
    "Trans-D": {
      "accuracy": 0.8960221894005487,
      "accuracy_std": 0.004096795057735397,
      "precision": 0.3274858030024409,
      "precision_std": 0.02725100194488815,
      "recall": 0.2838248342815387,
      "recall_std": 0.02373536440315539,
      "f1": 0.3039919938642998,
      "f1_std": 0.02468468339587122,
      "auc_roc": 0.7346936930056363,
      "auc_roc_std": 0.01568432125832304,
      "train_time": 9.361018252372741,
      "train_time_std": 1.8164547110558085,
      "infer_ms": 0.006016350572715523,
      "infer_ms_std": 0.002043001027881733,
      "cm": [
        [
          4261,
          244
        ],
        [
          299,
          93
        ]
      ]
    }
  },
  "HVAC Power": {
    "IF": {
      "accuracy": 0.9412456030039875,
      "accuracy_std": 0.0038936787314956182,
      "precision": 0.5085751107189471,
      "precision_std": 0.03248213352167287,
      "recall": 0.5052287581699346,
      "recall_std": 0.03965440865913076,
      "f1": 0.5062914083343406,
      "f1_std": 0.0320874352679135,
      "auc_roc": 0.9178958653500577,
      "auc_roc_std": 0.012075873703647023,
      "train_time": 0.9669665575027466,
      "train_time_std": 0.3169452183096532,
      "infer_ms": 0.013558250478997783,
      "infer_ms_std": 0.00037095667058050413,
      "cm": [
        [
          2350,
          60
        ],
        [
          84,
          69
        ]
      ]
    },
    "LSTM-AE": {
      "accuracy": 0.9320770712217487,
      "accuracy_std": 0.005258797379657195,
      "precision": 0.45254547386318855,
      "precision_std": 0.03027496768209988,
      "recall": 0.6516339869281046,
      "recall_std": 0.04471753851790149,
      "f1": 0.533871602730248,
      "f1_std": 0.03408151456280158,
      "auc_roc": 0.9173196589686597,
      "auc_roc_std": 0.01269035961503474,
      "train_time": 6.60239679813385,
      "train_time_std": 0.8991715459502779,
      "infer_ms": 0.005514070827302347,
      "infer_ms_std": 0.0008585616333960692,
      "cm": [
        [
          2302,
          108
        ],
        [
          59,
          94
        ]
      ]
    },
    "Trans-D": {
      "accuracy": 0.9243137673224446,
      "accuracy_std": 0.005152042211025109,
      "precision": 0.39868079214468366,
      "precision_std": 0.03035295622478983,
      "recall": 0.5254901960784314,
      "recall_std": 0.05164639546441415,
      "f1": 0.45282476251217957,
      "f1_std": 0.03591182967592975,
      "auc_roc": 0.8838303045474178,
      "auc_roc_std": 0.019471359913425024,
      "train_time": 10.558664035797118,
      "train_time_std": 1.940310059394026,
      "infer_ms": 0.005960146235727213,
      "infer_ms_std": 0.0011707209948589585,
      "cm": [
        [
          2296,
          114
        ],
        [
          80,
          73
        ]
      ]
    }
  },
  "Water Leak": {
    "IF": {
      "accuracy": 0.42833333333333334,
      "accuracy_std": 0.021723571995574613,
      "precision": 0.42904498496005894,
      "precision_std": 0.021086850251146882,
      "recall": 0.4344444444444444,
      "recall_std": 0.04141032256352049,
      "f1": 0.43109761041674666,
      "f1_std": 0.02809225226446449,
      "auc_roc": 0.4075308641975308,
      "auc_roc_std": 0.026947368076362326,
      "train_time": 0.5237456798553467,
      "train_time_std": 0.0902735311564375,
      "infer_ms": 0.08295655250549318,
      "infer_ms_std": 0.043795935544028455,
      "cm": [
        [
          39,
          51
        ],
        [
          48,
          42
        ]
      ]
    },
    "LSTM-AE": {
      "accuracy": 0.485,
      "accuracy_std": 0.007474235581707611,
      "precision": 0.2535714285714286,
      "precision_std": 0.13945654969093663,
      "recall": 0.02,
      "recall_std": 0.011967032904743343,
      "f1": 0.036915870309056895,
      "f1_std": 0.021725201369298966,
      "auc_roc": 0.4570864197530864,
      "auc_roc_std": 0.03821585744690779,
      "train_time": 0.6390699625015259,
      "train_time_std": 0.10476818776752789,
      "infer_ms": 0.015845961040920682,
      "infer_ms_std": 0.007087989764516955,
      "cm": [
        [
          86,
          4
        ],
        [
          88,
          2
        ]
      ]
    },
    "Trans-D": {
      "accuracy": 0.5194444444444445,
      "accuracy_std": 0.02360293976249778,
      "precision": 0.6102061337355454,
      "precision_std": 0.1509568907001841,
      "recall": 0.09444444444444444,
      "recall_std": 0.04105100711535814,
      "f1": 0.16198227305811114,
      "f1_std": 0.06615362387269134,
      "auc_roc": 0.48211111111111105,
      "auc_roc_std": 0.03519300108122183,
      "train_time": 1.379110336303711,
      "train_time_std": 0.7037007366189612,
      "infer_ms": 0.053933593961927616,
      "infer_ms_std": 0.10222439676066541,
      "cm": [
        [
          86,
          4
        ],
        [
          77,
          13
        ]
      ]
    }
  },
  "CASAS": {
    "IF": {
      "accuracy": 0.9288712722628034,
      "accuracy_std": 0.0035072743647014738,
      "precision": 0.12272842356439231,
      "precision_std": 0.01929608438865701,
      "recall": 0.12286366601435095,
      "recall_std": 0.021116301802300404,
      "f1": 0.12251357435338706,
      "f1_std": 0.019177420385622385,
      "auc_roc": 0.8001675926035497,
      "auc_roc_std": 0.019664824954447997,
      "train_time": 1.3300146102905273,
      "train_time_std": 0.1884982518474443,
      "infer_ms": 0.018359898627681153,
      "infer_ms_std": 0.0038151038885597195,
      "cm": [
        [
          3369,
          106
        ],
        [
          129,
          17
        ]
      ]
    },
    "LSTM-AE": {
      "accuracy": 0.9128010252482947,
      "accuracy_std": 0.002270843115706476,
      "precision": 0.025712587865439125,
      "precision_std": 0.009250491971867609,
      "recall": 0.031381045568912504,
      "recall_std": 0.011838873854627986,
      "f1": 0.028249162765994318,
      "f1_std": 0.010364915273556414,
      "auc_roc": 0.346538257653899,
      "auc_roc_std": 0.02701385944290446,
      "train_time": 6.9549448728561405,
      "train_time_std": 0.9366179089403519,
      "infer_ms": 0.006012787113601546,
      "infer_ms_std": 0.0009828108374281908,
      "cm": [
        [
          3306,
          169
        ],
        [
          141,
          5
        ]
      ]
    },
    "Trans-D": {
      "accuracy": 0.9493039635807504,
      "accuracy_std": 0.003998905114494011,
      "precision": 0.4401350551407079,
      "precision_std": 0.02162981174693837,
      "recall": 0.9200866648029074,